id,name,model_id:id,group_id:id,perm_read,perm_write,perm_create,perm_unlink
tienda_administrador,tienda_administrador,model_infocomercio_tienda,infocomercio_administrador,1,1,1,1
envio_administrador,envio_administrador,model_infocomercio_envio,infocomercio_administrador,1,1,1,1
seguros_administrador,seguros_administrador,model_infocomercio_seguros,infocomercio_administrador,1,1,1,1
tienda_usuario,tienda_usuario,model_infocomercio_tienda,infocomercio_usuario,1,0,0,0
envio_usuario,envio_usuario,model_infocomercio_envio,infocomercio_usuario,1,0,0,0
seguros_usuario,seguros_usuario,model_infocomercio_seguros,infocomercio_usuario,1,0,0,0